HR/EN/0992,11/30/2020 20:18:53
HR/EN/1746,11/30/2020 19:57:02
HR/EN/1746,11/30/2020 19:56:47
41,11/30/2020 19:55:03
41,11/30/2020 19:55:01
HR/EN/1134,11/30/2020 19:43:44
HR/EN/1099,11/30/2020 19:33:52
HR/EN/1099,11/30/2020 19:33:45
HR/EN/0269,11/30/2020 19:33:16
HR/EN/0269,11/30/2020 19:33:09
HR/EN/1308,11/30/2020 19:33:00
HR/EN/1308,11/30/2020 19:32:56
HR/EN/1309,11/30/2020 19:32:49
HR/EN/1309,11/30/2020 19:32:44
HR/EN/1311,11/30/2020 19:32:30
HR/EN/1311,11/30/2020 19:32:25
HR/EN/0085,11/30/2020 19:32:14
HR/EN/0085,11/30/2020 19:32:06
HR/EN/1310,11/30/2020 19:31:54
HR/EN/1310,11/30/2020 19:31:48
HR/EN/0877,11/30/2020 19:31:32
HR/EN/0877,11/30/2020 19:31:28
HR/EN/1553,11/30/2020 19:31:16
HR/EN/1553,11/30/2020 19:31:10
HR/EN/1083,11/30/2020 19:30:28
HR/EN/1083,11/30/2020 19:30:23
HR/EN/1147,11/30/2020 19:30:16
HR/EN/1147,11/30/2020 19:30:12
HR/EN/0672,11/30/2020 19:28:20
HR/EN/0672,11/30/2020 19:28:16
HR/EN/1482,11/30/2020 19:22:42
HR/EN/1482,11/30/2020 19:22:35
HR/EN/0741,11/30/2020 19:22:01
HR/EN/0741,11/30/2020 19:21:56
HR/EN/1312,11/30/2020 19:18:43
HR/EN/1312,11/30/2020 19:18:39
HR/EN/1484,11/30/2020 19:18:29
HR/EN/1484,11/30/2020 19:18:20
HR/EN/0078,11/30/2020 19:11:09
HR/EN/0245,11/30/2020 19:06:11
HR/EN/0245,11/30/2020 19:06:06
HR/EN/1444,11/30/2020 19:05:58
HR/EN/1444,11/30/2020 19:05:49
HR/EN/1681,11/30/2020 19:05:40
HR/EN/1681,11/30/2020 19:05:36
HR/EN/0157,11/30/2020 19:05:24
HR/EN/1421,11/30/2020 18:51:19
7000,11/30/2020 18:51:09
HR/EN/1161,11/30/2020 18:44:46
HR/EN/1161,11/30/2020 18:44:41
HR/EN/1161,11/30/2020 18:44:33
7004,11/30/2020 18:30:39
7004,11/30/2020 18:30:34
HR/EN/5037,11/30/2020 18:28:34
HR/EN/5037,11/30/2020 18:28:30
HR/EN/5037,11/30/2020 18:28:26
HR/EN/5037,11/30/2020 18:28:20
HR/EN/0001,11/30/2020 18:25:59
HR/EN/0001,11/30/2020 18:25:55
HR/EN/0001,11/30/2020 18:25:48
HR/EN/1754,11/30/2020 18:23:12
HR/EN/1754,11/30/2020 18:23:06
HR/EN/0018,11/30/2020 18:22:47
HR/EN/0018,11/30/2020 18:22:42
HR/EN/1687,11/30/2020 18:22:35
HR/EN/1687,11/30/2020 18:22:30
HR/EN/1581,11/30/2020 18:20:23
HR/EN/0999,11/30/2020 18:18:06
HR/EN/0999,11/30/2020 18:18:00
HR/EN/1421,11/30/2020 18:15:29
HR/EN/1421,11/30/2020 18:15:26
HR/EN/1582,11/30/2020 18:12:20
HR/EN/0089,11/30/2020 18:10:10
HR/EN/1148,11/30/2020 18:09:53
HR/EN/1148,11/30/2020 18:09:35
HR/EN/1148,11/30/2020 18:08:37
HR/EN/1546,11/30/2020 18:07:25
HR/EN/1546,11/30/2020 18:07:21
HR/EN/0471,11/30/2020 18:03:30
HR/EN/0471,11/30/2020 18:03:24
HR/EN/1522,11/30/2020 18:02:37
HR/EN/1662,11/30/2020 18:02:24
HR/EN/1662,11/30/2020 18:02:20
HR/EN/1135,11/30/2020 18:01:26
HR/EN/1135,11/30/2020 18:01:24
HR/EN/0505,11/30/2020 18:01:14
HR/EN/0131,11/30/2020 18:00:59
HR/EN/0131,11/30/2020 18:00:50
HR/EN/0033,11/30/2020 18:00:41
HR/EN/0033,11/30/2020 18:00:36
HR/EN/1414,11/30/2020 18:00:25
HR/EN/1414,11/30/2020 18:00:19
HR/EN/1677,11/30/2020 18:00:13
HR/EN/1677,11/30/2020 18:00:09
HR/EN/1552,11/30/2020 17:59:56
HR/EN/1652,11/30/2020 17:42:01
HR/EN/1652,11/30/2020 17:41:59
HR/EN/1397,11/30/2020 17:37:18
HR/EN/1397,11/30/2020 17:37:13
HR/EN/0130,11/30/2020 17:36:27
HR/EN/0130,11/30/2020 17:36:22
HR/EN/1744,11/30/2020 17:30:08
HR/EN/1745,11/30/2020 17:29:40
HR/EN/1745,11/30/2020 17:29:33
HR/EN/0105,11/30/2020 17:28:34
HR/EN/0105,11/30/2020 17:28:09
HR/EN/0105,11/30/2020 17:28:07
HR/EN/0105,11/30/2020 17:28:05
HR/EN/0105,11/30/2020 17:27:53
HR/EN/1535,11/30/2020 17:19:11
HR/EN/1535,11/30/2020 17:19:06
HR/EN/1535,11/30/2020 17:18:58
HR/EN/0799,11/30/2020 17:10:28
HR/EN/0799,11/30/2020 17:10:21
HR/EN/0799,11/30/2020 17:10:15
HR/EN/0799,11/30/2020 17:10:11
HR/EN/1334,11/30/2020 17:09:50
HR/EN/0039,11/30/2020 17:08:31
HR/EN/0039,11/30/2020 17:08:24
HR/EN/0039,11/30/2020 17:08:19
HR/EN/0039,11/30/2020 17:08:13
HR/EN/0017,11/30/2020 17:07:31
HR/EN/0017,11/30/2020 17:07:26
HR/EN/0070,11/30/2020 17:07:17
HR/EN/0070,11/30/2020 17:07:13
HR/EN/1724,11/30/2020 17:05:20
HR/EN/1445,11/30/2020 17:05:19
HR/EN/1445,11/30/2020 17:05:15
HR/EN/1724,11/30/2020 17:05:14
HR/EN/1445,11/30/2020 17:05:13
HR/EN/1724,11/30/2020 17:05:09
HR/EN/1445,11/30/2020 17:05:02
HR/EN/0086,11/30/2020 17:02:40
HR/EN/0464,11/30/2020 17:02:36
HR/EN/0086,11/30/2020 17:02:35
HR/EN/0464,11/30/2020 17:02:33
HR/EN/0086,11/30/2020 17:02:32
HR/EN/0464,11/30/2020 17:02:31
HR/EN/0554,11/30/2020 17:02:12
HR/EN/0554,11/30/2020 17:02:09
HR/EN/0554,11/30/2020 17:02:06
HR/EN/0080,11/30/2020 17:01:13
HR/EN/0080,11/30/2020 17:01:11
HR/EN/0080,11/30/2020 17:01:09
HR/EN/0080,11/30/2020 17:01:04
HR/EN/0510,11/30/2020 17:01:01
HR/EN/0510,11/30/2020 17:00:59
HR/EN/0510,11/30/2020 17:00:56
HR/EN/0510,11/30/2020 17:00:54
HR/EN/1721,11/30/2020 17:00:22
HR/EN/0013,11/30/2020 17:00:22
HR/EN/0013,11/30/2020 17:00:20
HR/EN/0013,11/30/2020 17:00:18
HR/EN/0080,11/30/2020 17:00:10
HR/EN/0080,11/30/2020 17:00:08
HR/EN/1980,11/30/2020 16:56:08
HR/EN/1980,11/30/2020 16:56:07
HR/EN/1980,11/30/2020 16:56:02
HR/EN/1598,11/30/2020 16:54:13
HR/EN/1598,11/30/2020 16:54:11
HR/EN/1598,11/30/2020 16:54:03
PUC65,11/30/2020 16:53:32
HR/EN/1598,11/30/2020 16:53:27
HR/EN/1598,11/30/2020 16:53:24
PUC65,11/30/2020 16:53:22
HR/EN/1598,11/30/2020 16:53:20
HR/EN/1598,11/30/2020 16:53:15
HR/EN/1047,11/30/2020 16:51:59
HR/EN/1047,11/30/2020 16:51:56
HR/EN/1047,11/30/2020 16:51:53
7001,11/30/2020 16:51:39
HR/EN/0056,11/30/2020 16:50:54
HR/EN/0056,11/30/2020 16:50:51
1679,11/30/2020 16:49:21
1679,11/30/2020 16:49:19
1679,11/30/2020 16:49:17
HR/EN/0002,11/30/2020 16:48:18
HR/EN/0002,11/30/2020 16:48:12
HR/EN/1573,11/30/2020 16:48:12
HR/EN/1573,11/30/2020 16:48:09
HR/EN/0002,11/30/2020 16:48:01
HR/EN/1247,11/30/2020 16:46:14
HR/EN/1325,11/30/2020 16:45:23
HR/EN/1325,11/30/2020 16:45:21
HR/EN/1325,11/30/2020 16:45:19
HR/EN/1574,11/30/2020 16:43:08
HR/EN/1574,11/30/2020 16:43:05
HR/EN/1574,11/30/2020 16:42:43
HR/EN/1574,11/30/2020 16:42:41
HR/EN/1737,11/30/2020 16:42:12
HR/EN/1480,11/30/2020 16:42:11
HR/EN/1737,11/30/2020 16:42:09
HR/EN/1373,11/30/2020 16:42:01
HR/EN/1480,11/30/2020 16:42:00
HR/EN/1373,11/30/2020 16:41:58
HR/EN/1253,11/30/2020 16:41:49
HR/EN/1253,11/30/2020 16:41:47
HR/EN/1253,11/30/2020 16:41:45
HR/EN/1218,11/30/2020 16:40:51
HR/EN/1218,11/30/2020 16:40:48
HR/EN/1218,11/30/2020 16:40:44
HR/EN/1493,11/30/2020 16:39:13
HR/EN/1493,11/30/2020 16:39:11
HR/EN/0323,11/30/2020 16:38:56
HR/EN/0323,11/30/2020 16:38:54
HR/EN/0323,11/30/2020 16:38:52
HR/EN/1734,11/30/2020 16:38:15
HR/EN/1734,11/30/2020 16:38:12
PUC77,11/30/2020 16:37:47
PUC77,11/30/2020 16:37:44
HR/EN/0979,11/30/2020 16:36:45
HR/EN/0979,11/30/2020 16:36:43
HR/EN/0979,11/30/2020 16:36:41
HR/EN/0979,11/30/2020 16:36:36
HR/EN/0979,11/30/2020 16:36:34
HR/EN/0979,11/30/2020 16:36:32
HR/EN/0979,11/30/2020 16:36:30
HR/EN/0979,11/30/2020 16:36:27
HR/EN/0979,11/30/2020 16:36:25
HR/EN/1731,11/30/2020 16:34:06
HR/EN/1731,11/30/2020 16:34:04
HR/EN/1493,11/30/2020 16:33:51
HR/EN/1493,11/30/2020 16:33:48
HR/EN/1493,11/30/2020 16:33:46
HR/EN/1493,11/30/2020 16:33:44
PUC69,11/30/2020 16:33:02
PUC69,11/30/2020 16:32:58
HR/EN/1731,11/30/2020 16:32:49
HR/EN/1731,11/30/2020 16:32:47
HR/EN/0029,11/30/2020 16:32:23
HR/EN/0029,11/30/2020 16:32:20
HR/EN/1014,11/30/2020 16:32:15
HR/EN/1014,11/30/2020 16:32:13
HR/EN/1014,11/30/2020 16:32:11
HR/EN/1014,11/30/2020 16:32:09
HR/EN/1014,11/30/2020 16:32:07
HR/EN/1596,11/30/2020 16:30:49
HR/EN/1673,11/30/2020 16:30:28
HR/EN/1673,11/30/2020 16:30:18
HR/EN/1510,11/30/2020 16:30:00
HR/EN/1510,11/30/2020 16:29:58
HR/EN/1510,11/30/2020 16:29:56
HR/EN/1500,11/30/2020 16:29:29
HR/EN/1500,11/30/2020 16:29:27
HR/EN/1500,11/30/2020 16:29:26
HR/EN/1500,11/30/2020 16:29:24
HR/EN/1500,11/30/2020 16:29:22
PUC63,11/30/2020 16:29:19
PUC63,11/30/2020 16:29:15
PUC85,11/30/2020 16:29:04
PUC85,11/30/2020 16:28:57
HR/EN/1060,11/30/2020 16:28:43
HR/EN/1060,11/30/2020 16:28:40
HR/EN/0977,11/30/2020 16:27:05
HR/EN/0977,11/30/2020 16:27:03
HR/EN/0977,11/30/2020 16:27:01
HR/EN/0977,11/30/2020 16:26:59
HR/EN/0977,11/30/2020 16:26:57
HR/EN/0977,11/30/2020 16:26:55
HR/EN/1147,11/30/2020 16:26:54
HR/EN/0977,11/30/2020 16:26:53
HR/EN/1147,11/30/2020 16:26:52
HR/EN/1147,11/30/2020 16:26:50
HR/EN/1755,11/30/2020 16:26:29
HR/EN/1755,11/30/2020 16:26:27
HR/EN/1587,11/30/2020 16:26:02
HR/EN/1587,11/30/2020 16:25:56
HR/EN/0977,11/30/2020 16:25:51
HR/EN/0977,11/30/2020 16:25:49
HR/EN/0977,11/30/2020 16:25:47
HR/EN/1115,11/30/2020 16:25:44
HR/EN/1115,11/30/2020 16:25:42
HR/EN/1115,11/30/2020 16:25:40
HR/EN/1624,11/30/2020 16:25:04
HR/EN/1712,11/30/2020 16:23:48
HR/EN/1712,11/30/2020 16:23:43
HR/EN/1712,11/30/2020 16:23:39
HR/EN/1712,11/30/2020 16:23:38
HR/EN/1624,11/30/2020 16:22:51
HR/EN/1624,11/30/2020 16:22:50
HR/EN/1624,11/30/2020 16:22:48
HR/EN/1698,11/30/2020 16:22:34
HR/EN/1698,11/30/2020 16:22:32
HR/EN/1204,11/30/2020 16:22:32
HR/EN/1698,11/30/2020 16:22:31
HR/EN/1204,11/30/2020 16:22:30
HR/EN/1698,11/30/2020 16:22:23
HR/EN/1698,11/30/2020 16:22:22
HR/EN/1216,11/30/2020 16:21:51
HR/EN/1216,11/30/2020 16:21:49
HR/EN/1732,11/30/2020 16:20:41
HR/EN/0321,11/30/2020 16:20:38
HR/EN/1732,11/30/2020 16:20:37
HR/EN/0321,11/30/2020 16:20:36
HR/EN/1732,11/30/2020 16:20:31
HR/EN/1578,11/30/2020 16:19:53
HR/EN/1578,11/30/2020 16:19:51
HR/EN/1578,11/30/2020 16:19:49
HR/EN/1736,11/30/2020 16:19:30
HR/EN/1736,11/30/2020 16:19:28
HR/EN/1736,11/30/2020 16:19:26
HR/EN/1736,11/30/2020 16:19:24
HR/EN/1740,11/30/2020 16:17:42
HR/EN/1740,11/30/2020 16:17:40
HR/EN/1740,11/30/2020 16:17:38
HR/EN/1740,11/30/2020 16:17:36
HR/EN/1740,11/30/2020 16:17:35
HR/EN/1592,11/30/2020 16:17:31
HR/EN/1592,11/30/2020 16:17:27
HR/EN/1718,11/30/2020 16:16:50
HR/EN/1718,11/30/2020 16:16:48
HR/EN/1718,11/30/2020 16:16:46
HR/EN/0280,11/30/2020 16:16:38
HR/EN/0280,11/30/2020 16:16:37
HR/EN/0280,11/30/2020 16:16:35
HR/EN/1601,11/30/2020 16:16:27
HR/EN/1601,11/30/2020 16:16:25
HR/EN/1691,11/30/2020 16:15:36
HR/EN/1691,11/30/2020 16:15:34
HR/EN/1691,11/30/2020 16:15:32
HR/EN/1720,11/30/2020 16:15:24
HR/EN/1720,11/30/2020 16:15:22
HR/EN/1720,11/30/2020 16:15:21
HR/EN/1720,11/30/2020 16:15:19
HR/EN/1720,11/30/2020 16:15:16
HR/EN/0791,11/30/2020 16:15:10
HR/EN/1058,11/30/2020 16:15:09
HR/EN/0791,11/30/2020 16:15:07
HR/EN/1058,11/30/2020 16:15:01
HR/EN/0534,11/30/2020 16:15:01
HR/EN/1058,11/30/2020 16:14:59
HR/EN/0534,11/30/2020 16:14:58
HR/EN/1058,11/30/2020 16:14:52
HR/EN/1058,11/30/2020 16:14:48
HR/EN/1597,11/30/2020 16:14:45
HR/EN/1597,11/30/2020 16:14:43
HR/EN/1597,11/30/2020 16:14:41
HR/EN/1597,11/30/2020 16:14:39
HR/EN/1520,11/30/2020 16:14:14
HR/EN/1520,11/30/2020 16:14:12
HR/EN/1520,11/30/2020 16:14:10
HR/EN/1708,11/30/2020 16:13:43
HR/EN/1708,11/30/2020 16:13:40
HR/EN/1215,11/30/2020 16:13:27
HR/EN/1215,11/30/2020 16:13:23
HR/EN/1514,11/30/2020 16:13:20
HR/EN/1514,11/30/2020 16:13:18
HR/EN/0962,11/30/2020 16:12:57
HR/EN/0962,11/30/2020 16:12:55
HR/EN/0962,11/30/2020 16:12:50
HR/EN/0962,11/30/2020 16:12:47
HR/EN/0614,11/30/2020 16:12:25
HR/EN/0614,11/30/2020 16:12:23
PUC84,11/30/2020 16:12:23
HR/EN/0614,11/30/2020 16:12:21
HR/EN/1610,11/30/2020 16:11:59
HR/EN/1610,11/30/2020 16:11:57
HR/EN/1012,11/30/2020 16:11:55
HR/EN/1378,11/30/2020 16:11:51
HR/EN/1610,11/30/2020 16:11:50
HR/EN/1378,11/30/2020 16:11:48
HR/EN/1726,11/30/2020 16:11:43
HR/EN/1008,11/30/2020 16:11:42
HR/EN/1726,11/30/2020 16:11:41
HR/EN/0770,11/30/2020 16:11:41
HR/EN/0581,11/30/2020 16:11:41
HR/EN/1726,11/30/2020 16:11:40
HR/EN/1008,11/30/2020 16:11:39
HR/EN/0581,11/30/2020 16:11:39
HR/EN/0581,11/30/2020 16:11:37
HR/EN/1008,11/30/2020 16:11:36
HR/EN/1688,11/30/2020 16:11:34
HR/EN/1241,11/30/2020 16:11:22
HR/EN/1688,11/30/2020 16:11:15
HR/EN/1526,11/30/2020 16:11:07
HR/EN/1526,11/30/2020 16:11:05
HR/EN/1526,11/30/2020 16:11:03
HR/EN/1526,11/30/2020 16:11:01
HR/EN/0983,11/30/2020 16:10:51
HR/EN/0983,11/30/2020 16:10:50
HR/EN/0983,11/30/2020 16:10:48
HR/EN/0022,11/30/2020 16:10:44
HR/EN/0022,11/30/2020 16:10:42
HR/EN/0022,11/30/2020 16:10:38
HR/EN/0022,11/30/2020 16:10:36
HR/EN/1256,11/30/2020 16:10:30
HR/EN/1575,11/30/2020 16:10:27
HR/EN/0197,11/30/2020 16:10:26
HR/EN/1256,11/30/2020 16:10:26
HR/EN/1575,11/30/2020 16:10:25
HR/EN/0197,11/30/2020 16:10:24
HR/EN/0197,11/30/2020 16:10:22
HR/EN/1256,11/30/2020 16:10:22
HR/EN/0197,11/30/2020 16:10:21
HR/EN/1256,11/30/2020 16:10:19
HR/EN/1722,11/30/2020 16:09:55
HR/EN/1722,11/30/2020 16:09:53
HR/EN/1722,11/30/2020 16:09:51
HR/EN/1282,11/30/2020 16:09:43
HR/EN/1282,11/30/2020 16:09:41
HR/EN/1282,11/30/2020 16:09:39
HR/EN/1282,11/30/2020 16:09:36
HR/EN/1213,11/30/2020 16:09:30
HR/EN/1213,11/30/2020 16:09:08
HR/EN/1697,11/30/2020 16:08:41
HR/EN/1697,11/30/2020 16:08:39
HR/EN/1723,11/30/2020 16:08:24
HR/EN/1723,11/30/2020 16:08:22
HR/EN/1723,11/30/2020 16:08:20
HR/EN/0016,11/30/2020 16:08:20
HR/EN/1317,11/30/2020 16:08:20
HR/EN/1715,11/30/2020 16:08:18
HR/EN/0016,11/30/2020 16:08:18
HR/EN/1723,11/30/2020 16:08:18
HR/EN/1317,11/30/2020 16:08:17
HR/EN/0016,11/30/2020 16:08:16
HR/EN/1715,11/30/2020 16:08:11
HR/EN/1317,11/30/2020 16:08:09
HR/EN/0487,11/30/2020 16:07:55
HR/EN/0487,11/30/2020 16:07:52
HR/EN/0487,11/30/2020 16:07:49
HR/EN/1280,11/30/2020 16:07:40
HR/EN/1280,11/30/2020 16:07:37
HR/EN/1280,11/30/2020 16:07:33
HR/EN/1253,11/30/2020 16:07:30
HR/EN/1253,11/30/2020 16:07:28
HR/EN/1253,11/30/2020 16:07:26
HR/EN/1253,11/30/2020 16:07:24
HR/EN/1293,11/30/2020 16:07:07
HR/EN/1293,11/30/2020 16:07:05
HR/EN/1293,11/30/2020 16:07:03
HR/EN/1751,11/30/2020 16:06:49
HR/EN/1751,11/30/2020 16:06:47
HR/EN/1751,11/30/2020 16:06:39
HR/EN/1381,11/30/2020 16:06:39
HR/EN/1751,11/30/2020 16:06:37
HR/EN/0402,11/30/2020 16:06:33
HR/EN/0402,11/30/2020 16:06:31
HR/EN/0224,11/30/2020 16:06:30
HR/EN/0224,11/30/2020 16:06:28
HR/EN/0123,11/30/2020 16:06:28
HR/EN/1577,11/30/2020 16:06:28
HR/EN/1663,11/30/2020 16:06:28
HR/EN/1663,11/30/2020 16:06:26
HR/EN/1577,11/30/2020 16:06:26
HR/EN/0123,11/30/2020 16:06:25
HR/EN/0224,11/30/2020 16:06:25
HR/EN/1577,11/30/2020 16:06:24
HR/EN/1663,11/30/2020 16:06:24
HR/EN/0224,11/30/2020 16:06:23
HR/EN/1577,11/30/2020 16:06:22
HR/EN/1663,11/30/2020 16:06:22
HR/EN/1577,11/30/2020 16:06:20
HR/EN/1271,11/30/2020 16:06:13
HR/EN/1381,11/30/2020 16:06:08
HR/EN/0034,11/30/2020 16:06:06
HR/EN/1271,11/30/2020 16:06:05
HR/EN/0034,11/30/2020 16:06:03
HR/EN/1271,11/30/2020 16:06:02
HR/EN/1381,11/30/2020 16:05:58
HR/EN/0616,11/30/2020 16:05:56
HR/EN/1748,11/30/2020 16:05:55
HR/EN/0616,11/30/2020 16:05:54
HR/EN/1748,11/30/2020 16:05:52
HR/EN/0616,11/30/2020 16:05:51
HR/EN/0616,11/30/2020 16:05:49
HR/EN/1647,11/30/2020 16:05:46
HR/EN/0734,11/30/2020 16:05:45
HR/EN/1647,11/30/2020 16:05:44
HR/EN/1647,11/30/2020 16:05:42
HR/EN/0734,11/30/2020 16:05:42
HR/EN/1647,11/30/2020 16:05:40
HR/EN/0081,11/30/2020 16:05:36
HR/EN/0081,11/30/2020 16:05:32
HR/EN/0124,11/30/2020 16:05:25
HR/EN/1752,11/30/2020 16:05:22
HR/EN/0124,11/30/2020 16:05:21
HR/EN/1752,11/30/2020 16:05:20
HR/EN/1293,11/30/2020 16:05:18
HR/EN/1293,11/30/2020 16:05:16
HR/EN/1753,11/30/2020 16:05:14
HR/EN/1665,11/30/2020 16:05:13
HR/EN/1753,11/30/2020 16:05:12
HR/EN/1682,11/30/2020 16:05:12
HR/EN/1753,11/30/2020 16:05:10
HR/EN/1665,11/30/2020 16:05:10
HR/EN/1682,11/30/2020 16:05:05
HR/EN/1682,11/30/2020 16:05:04
HR/EN/1685,11/30/2020 16:05:04
HR/EN/1338,11/30/2020 16:05:04
HR/EN/1685,11/30/2020 16:05:02
HR/EN/1338,11/30/2020 16:05:01
HR/EN/0205,11/30/2020 16:04:57
HR/EN/1599,11/30/2020 16:04:56
HR/EN/1599,11/30/2020 16:04:54
HR/EN/1012,11/30/2020 16:04:54
HR/EN/0205,11/30/2020 16:04:53
HR/EN/1012,11/30/2020 16:04:52
HR/EN/1097,11/30/2020 16:04:48
HR/EN/0030,11/30/2020 16:04:46
HR/EN/0030,11/30/2020 16:04:44
HR/EN/0030,11/30/2020 16:04:42
HR/EN/1097,11/30/2020 16:04:39
HR/EN/0030,11/30/2020 16:04:36
HR/EN/0232,11/30/2020 16:04:31
HR/EN/0954,11/30/2020 16:04:29
HR/EN/1412,11/30/2020 16:04:29
HR/EN/0954,11/30/2020 16:04:26
HR/EN/1412,11/30/2020 16:04:24
HR/EN/0232,11/30/2020 16:04:23
HR/EN/1561,11/30/2020 16:04:15
HR/EN/1561,11/30/2020 16:04:10
HR/EN/1555,11/30/2020 16:04:02
HR/EN/1555,11/30/2020 16:03:59
HR/EN/1030,11/30/2020 16:03:53
HR/EN/1030,11/30/2020 16:03:50
HR/EN/1627,11/30/2020 16:03:44
HR/EN/0739,11/30/2020 16:03:44
HR/EN/1122,11/30/2020 16:03:44
HR/EN/1122,11/30/2020 16:03:42
HR/EN/0739,11/30/2020 16:03:41
HR/EN/1599,11/30/2020 16:03:41
HR/EN/1627,11/30/2020 16:03:41
HR/EN/1437,11/30/2020 16:03:41
HR/EN/1122,11/30/2020 16:03:40
HR/EN/0739,11/30/2020 16:03:36
HR/EN/0067,11/30/2020 16:03:33
HR/EN/0067,11/30/2020 16:03:30
HR/EN/1682,11/30/2020 16:03:28
HR/EN/0067,11/30/2020 16:03:27
HR/EN/1682,11/30/2020 16:03:25
HR/EN/1437,11/30/2020 16:03:23
HR/EN/1743,11/30/2020 16:03:22
HR/EN/1437,11/30/2020 16:03:21
HR/EN/1743,11/30/2020 16:03:19
HR/EN/1739,11/30/2020 16:03:13
HR/EN/1739,11/30/2020 16:03:10
HR/EN/1509,11/30/2020 16:03:10
HR/EN/1509,11/30/2020 16:03:06
HR/EN/0165,11/30/2020 16:03:06
HR/EN/0165,11/30/2020 16:03:03
HR/EN/0139,11/30/2020 16:03:02
HR/EN/0641,11/30/2020 16:03:00
HR/EN/0139,11/30/2020 16:02:59
HR/EN/0641,11/30/2020 16:02:58
HR/EN/0641,11/30/2020 16:02:56
HR/EN/0654,11/30/2020 16:02:52
HR/EN/0654,11/30/2020 16:02:49
HR/EN/1730,11/30/2020 16:02:46
HR/EN/1340,11/30/2020 16:02:43
HR/EN/1588,11/30/2020 16:02:42
HR/EN/1730,11/30/2020 16:02:41
HR/EN/1588,11/30/2020 16:02:40
HR/EN/1243,11/30/2020 16:02:39
HR/EN/1588,11/30/2020 16:02:38
HR/EN/1243,11/30/2020 16:02:37
HR/EN/1340,11/30/2020 16:02:37
HR/EN/1588,11/30/2020 16:02:35
HR/EN/1243,11/30/2020 16:02:34
HR/EN/1711,11/30/2020 16:02:27
HR/EN/1711,11/30/2020 16:02:25
HR/EN/0135,11/30/2020 16:02:24
HR/EN/1245,11/30/2020 16:02:23
HR/EN/1245,11/30/2020 16:02:21
HR/EN/1245,11/30/2020 16:02:19
HR/EN/0135,11/30/2020 16:02:17
HR/EN/1717,11/30/2020 16:02:16
HR/EN/1717,11/30/2020 16:02:13
HR/EN/0784,11/30/2020 16:02:13
HR/EN/1717,11/30/2020 16:02:11
HR/EN/1696,11/30/2020 16:02:10
HR/EN/0784,11/30/2020 16:02:09
HR/EN/0978,11/30/2020 16:02:09
HR/EN/0978,11/30/2020 16:02:06
HR/EN/1696,11/30/2020 16:02:06
HR/EN/0978,11/30/2020 16:02:04
HR/EN/1727,11/30/2020 16:02:03
HR/EN/0584,11/30/2020 16:02:00
HR/EN/1613,11/30/2020 16:01:58
HR/EN/0584,11/30/2020 16:01:57
HR/EN/1613,11/30/2020 16:01:55
HR/EN/0827,11/30/2020 16:01:55
HR/EN/0827,11/30/2020 16:01:53
HR/EN/1727,11/30/2020 16:01:53
HR/EN/0827,11/30/2020 16:01:50
HR/EN/0827,11/30/2020 16:01:48
HR/EN/1361,11/30/2020 16:01:46
HR/EN/0612,11/30/2020 16:01:46
HR/EN/0612,11/30/2020 16:01:43
HR/EN/1361,11/30/2020 16:01:43
HR/EN/1231,11/30/2020 16:01:42
HR/EN/0612,11/30/2020 16:01:41
HR/EN/1231,11/30/2020 16:01:40
HR/EN/1231,11/30/2020 16:01:38
HR/EN/1150,11/30/2020 16:01:38
HR/EN/1703,11/30/2020 16:01:34
HR/EN/1150,11/30/2020 16:01:33
HR/EN/1703,11/30/2020 16:01:32
HR/EN/1612,11/30/2020 16:01:32
HR/EN/1634,11/30/2020 16:01:31
HR/EN/1432,11/30/2020 16:01:31
HR/EN/1612,11/30/2020 16:01:30
HR/EN/1703,11/30/2020 16:01:30
HR/EN/1593,11/30/2020 16:01:29
HR/EN/1634,11/30/2020 16:01:29
HR/EN/1432,11/30/2020 16:01:28
HR/EN/1593,11/30/2020 16:01:27
HR/EN/1703,11/30/2020 16:01:27
HR/EN/1612,11/30/2020 16:01:27
HR/EN/1432,11/30/2020 16:01:26
HR/EN/1360,11/30/2020 16:01:25
HR/EN/1360,11/30/2020 16:01:22
HR/EN/0503,11/30/2020 16:01:20
HR/EN/1593,11/30/2020 16:01:19
HR/EN/0503,11/30/2020 16:01:18
HR/EN/1709,11/30/2020 16:01:17
HR/EN/0233,11/30/2020 16:01:17
HR/EN/1593,11/30/2020 16:01:16
HR/EN/1709,11/30/2020 16:01:15
HR/EN/0503,11/30/2020 16:01:15
HR/EN/1547,11/30/2020 16:01:14
HR/EN/0503,11/30/2020 16:01:13
HR/EN/0077,11/30/2020 16:01:12
HR/EN/1709,11/30/2020 16:01:12
HR/EN/1593,11/30/2020 16:01:11
HR/EN/0077,11/30/2020 16:01:10
HR/EN/1547,11/30/2020 16:01:10
HR/EN/1710,11/30/2020 16:01:09
HR/EN/0239,11/30/2020 16:01:08
HR/EN/1699,11/30/2020 16:01:07
HR/EN/1710,11/30/2020 16:01:06
HR/EN/0447,11/30/2020 16:01:05
HR/EN/0239,11/30/2020 16:01:05
HR/EN/1699,11/30/2020 16:01:05
HR/EN/1710,11/30/2020 16:01:04
HR/EN/0447,11/30/2020 16:01:02
HR/EN/1254,11/30/2020 16:01:01
HR/EN/1254,11/30/2020 16:00:59
HR/EN/0701,11/30/2020 16:00:57
HR/EN/1342,11/30/2020 16:00:56
HR/EN/0701,11/30/2020 16:00:54
HR/EN/1342,11/30/2020 16:00:53
HR/EN/1254,11/30/2020 16:00:52
HR/EN/0701,11/30/2020 16:00:52
HR/EN/1502,11/30/2020 16:00:47
HR/EN/1502,11/30/2020 16:00:44
HR/EN/0802,11/30/2020 16:00:44
HR/EN/0802,11/30/2020 16:00:42
HR/EN/1623,11/30/2020 16:00:40
HR/EN/0035,11/30/2020 16:00:40
HR/EN/0035,11/30/2020 16:00:38
HR/EN/1623,11/30/2020 16:00:36
HR/EN/1274,11/30/2020 16:00:35
HR/EN/0035,11/30/2020 16:00:35
HR/EN/0035,11/30/2020 16:00:33
HR/EN/1274,11/30/2020 16:00:33
HR/EN/0035,11/30/2020 16:00:31
HR/EN/0368,11/30/2020 16:00:30
HR/EN/0233,11/30/2020 16:00:28
HR/EN/0368,11/30/2020 16:00:27
HR/EN/0233,11/30/2020 16:00:26
HR/EN/0065,11/30/2020 16:00:26
HR/EN/0065,11/30/2020 16:00:24
HR/EN/1713,11/30/2020 16:00:24
HR/EN/1713,11/30/2020 16:00:22
HR/EN/0065,11/30/2020 16:00:21
HR/EN/0065,11/30/2020 16:00:19
HR/EN/1670,11/30/2020 16:00:19
HR/EN/0065,11/30/2020 16:00:17
HR/EN/1713,11/30/2020 16:00:17
HR/EN/1670,11/30/2020 16:00:16
HR/EN/0065,11/30/2020 16:00:15
HR/EN/0058,11/30/2020 16:00:09
HR/EN/0058,11/30/2020 16:00:07
HR/EN/1609,11/30/2020 16:00:07
HR/EN/0058,11/30/2020 16:00:05
HR/EN/1609,11/30/2020 16:00:03
HR/EN/1746,11/30/2020 15:23:34
HR/EN/1746,11/30/2020 15:23:31
HR/EN/1523,11/30/2020 15:06:08
HR/EN/1737,11/30/2020 13:32:00
HR/EN/1083,11/30/2020 13:29:57
HR/EN/0554,11/30/2020 13:29:37
HR/EN/1677,11/30/2020 13:29:33
HR/EN/0554,11/30/2020 13:29:18
HR/EN/1247,11/30/2020 13:29:03
HR/EN/0124,11/30/2020 13:28:52
HR/EN/0124,11/30/2020 13:28:50
HR/EN/0081,11/30/2020 13:28:41
HR/EN/0034,11/30/2020 13:28:34
HR/EN/0034,11/30/2020 13:28:32
HR/EN/0799,11/30/2020 13:28:27
HR/EN/0799,11/30/2020 13:28:25
HR/EN/1587,11/30/2020 13:27:09
HR/EN/0022,11/30/2020 13:25:01
HR/EN/1254,11/30/2020 13:24:26
HR/EN/1746,11/30/2020 13:23:56
HR/EN/0033,11/30/2020 13:23:55
HR/EN/1746,11/30/2020 13:23:53
HR/EN/0131,11/30/2020 13:23:46
HR/EN/0131,11/30/2020 13:23:44
HR/EN/0402,11/30/2020 13:23:15
HR/EN/0402,11/30/2020 13:23:13
1688,11/30/2020 13:22:15
HR/EN/0641,11/30/2020 13:21:51
HR/EN/0123,11/30/2020 13:21:45
HR/EN/0123,11/30/2020 13:21:43
HR/EN/0039,11/30/2020 13:19:34
HR/EN/0039,11/30/2020 13:19:32
HR/EN/0039,11/30/2020 13:19:29
HR/EN/1681,11/30/2020 13:17:40
HR/EN/1601,11/30/2020 13:13:15
HR/EN/1598,11/30/2020 13:12:49
HR/EN/1598,11/30/2020 13:12:47
HR/EN/0080,11/30/2020 13:11:40
HR/EN/0080,11/30/2020 13:11:38
HR/EN/0464,11/30/2020 13:11:33
HR/EN/0464,11/30/2020 13:11:31
HR/EN/0977,11/30/2020 13:05:48
HR/EN/0977,11/30/2020 13:05:45
HR/EN/1253,11/30/2020 13:05:26
HR/EN/1253,11/30/2020 13:05:24
HR/EN/1597,11/30/2020 13:05:14
HR/EN/1597,11/30/2020 13:05:12
HR/EN/1535,11/30/2020 13:05:08
HR/EN/1254,11/30/2020 13:04:25
HR/EN/1241,11/30/2020 12:57:14
HR/EN/0464,11/30/2020 12:54:30
HR/EN/0977,11/30/2020 12:50:13
HR/EN/0977,11/30/2020 12:50:11
HR/EN/0402,11/30/2020 12:48:44
HR/EN/1247,11/30/2020 12:48:31
HR/EN/1247,11/30/2020 12:48:29
HR/EN/1681,11/30/2020 12:47:43
HR/EN/1598,11/30/2020 12:45:46
HR/EN/1598,11/30/2020 12:45:44
HR/EN/1597,11/30/2020 12:45:11
HR/EN/1597,11/30/2020 12:45:09
HR/EN/1253,11/30/2020 12:45:03
HR/EN/0080,11/30/2020 12:44:53
HR/EN/0554,11/30/2020 12:44:34
HR/EN/0554,11/30/2020 12:44:23
HR/EN/0022,11/30/2020 12:43:59
HR/EN/1587,11/30/2020 12:43:53
HR/EN/1535,11/30/2020 12:42:03
HR/EN/1601,11/30/2020 12:41:48
HR/EN/1241,11/30/2020 12:41:42
1688,11/30/2020 12:41:36
HR/EN/0039,11/30/2020 12:41:24
HR/EN/0039,11/30/2020 12:41:21
HR/EN/1737,11/30/2020 12:41:14
HR/EN/0641,11/30/2020 12:41:10
HR/EN/0799,11/30/2020 12:41:03
HR/EN/1667,11/30/2020 12:40:50
HR/EN/0034,11/30/2020 12:40:43
HR/EN/0034,11/30/2020 12:40:41
HR/EN/0081,11/30/2020 12:40:32
HR/EN/1083,11/30/2020 12:40:26
HR/EN/0131,11/30/2020 12:40:22
HR/EN/0131,11/30/2020 12:40:20
HR/EN/0124,11/30/2020 12:40:15
HR/EN/0033,11/30/2020 12:40:10
HR/EN/0123,11/30/2020 12:40:05
HR/EN/0123,11/30/2020 12:40:03
HR/EN/1687,11/30/2020 11:49:24
HR/EN/1687,11/30/2020 11:49:20
HR/EN/1581,11/30/2020 11:48:04
HR/EN/0013,11/30/2020 11:22:05
HR/EN/0013,11/30/2020 11:22:03
HR/EN/0013,11/30/2020 11:22:01
HR/EN/0013,11/30/2020 11:21:59
HR/EN/0013,11/30/2020 11:21:56
7004,11/30/2020 10:22:21
7004,11/30/2020 10:22:16
HR/EN/1134,11/30/2020 10:03:20
HR/EN/1756,11/30/2020 10:02:26
HR/EN/1756,11/30/2020 10:02:19
HR/EN/1582,11/30/2020 09:50:40
HR/EN/1750,11/30/2020 09:44:22
HR/EN/1750,11/30/2020 09:44:20
HR/EN/0078,11/30/2020 09:42:05
HR/EN/0999,11/30/2020 09:29:21
HR/EN/0999,11/30/2020 09:29:18
HR/EN/0089,11/30/2020 09:12:05
HR/EN/0089,11/30/2020 09:12:03
HR/EN/1721,11/30/2020 09:10:14
HR/EN/0131,11/30/2020 08:58:58
HR/EN/0131,11/30/2020 08:58:55
HR/EN/1414,11/30/2020 08:57:43
HR/EN/1414,11/30/2020 08:57:40
HR/EN/1677,11/30/2020 08:57:35
HR/EN/1677,11/30/2020 08:57:31
HR/EN/0033,11/30/2020 08:56:03
HR/EN/0033,11/30/2020 08:55:59
HR/EN/1522,11/30/2020 08:55:33
HR/EN/1546,11/30/2020 08:47:41
HR/EN/1546,11/30/2020 08:47:37
7000,11/30/2020 08:46:52
HR/EN/1754,11/30/2020 08:45:50
HR/EN/1754,11/30/2020 08:45:46
HR/EN/0130,11/30/2020 08:45:32
HR/EN/0130,11/30/2020 08:45:28
HR/EN/1662,11/30/2020 08:45:02
HR/EN/1662,11/30/2020 08:44:53
HR/EN/1523,11/30/2020 08:43:49
HR/EN/0245,11/30/2020 08:42:37
HR/EN/0245,11/30/2020 08:42:33
HR/EN/1397,11/30/2020 08:39:36
HR/EN/1397,11/30/2020 08:39:32
HR/EN/1135,11/30/2020 08:35:43
HR/EN/1135,11/30/2020 08:35:39
HR/EN/1552,11/30/2020 08:22:07
HR/EN/1161,11/30/2020 08:17:38
HR/EN/1161,11/30/2020 08:17:34
HR/EN/1161,11/30/2020 08:17:31
7001,11/30/2020 08:14:30
HR/EN/1691,11/30/2020 08:06:43
HR/EN/1691,11/30/2020 08:06:41
HR/EN/1691,11/30/2020 08:06:38
HR/EN/1732,11/30/2020 08:06:33
HR/EN/1732,11/30/2020 08:06:22
HR/EN/0239,11/30/2020 08:05:04
HR/EN/0239,11/30/2020 08:04:59
PUC84,11/30/2020 08:04:10
HR/EN/1381,11/30/2020 08:03:58
HR/EN/1381,11/30/2020 08:03:53
HR/EN/1663,11/30/2020 08:03:40
HR/EN/1663,11/30/2020 08:03:38
HR/EN/1663,11/30/2020 08:03:36
HR/EN/1663,11/30/2020 08:03:33
HR/EN/1012,11/30/2020 08:03:25
HR/EN/1381,11/30/2020 08:03:24
HR/EN/1587,11/30/2020 08:03:24
HR/EN/1012,11/30/2020 08:03:23
HR/EN/1726,11/30/2020 08:03:07
HR/EN/1726,11/30/2020 08:03:03
41,11/30/2020 08:03:02
HR/EN/1444,11/30/2020 08:03:02
HR/EN/1726,11/30/2020 08:03:01
41,11/30/2020 08:03:00
HR/EN/1726,11/30/2020 08:02:59
HR/EN/1444,11/30/2020 08:02:59
HR/EN/0978,11/30/2020 08:02:56
HR/EN/0978,11/30/2020 08:02:54
HR/EN/0978,11/30/2020 08:02:51
HR/EN/0402,11/30/2020 08:02:41
HR/EN/0402,11/30/2020 08:02:39
HR/EN/0402,11/30/2020 08:02:36
HR/EN/1247,11/30/2020 08:02:05
HR/EN/1685,11/30/2020 08:02:03
HR/EN/1685,11/30/2020 08:02:01
HR/EN/1685,11/30/2020 08:01:59
HR/EN/1437,11/30/2020 08:01:49
HR/EN/1437,11/30/2020 08:01:47
HR/EN/1437,11/30/2020 08:01:45
HR/EN/1218,11/30/2020 08:01:43
HR/EN/1218,11/30/2020 08:01:40
HR/EN/0534,11/30/2020 08:01:29
HR/EN/0534,11/30/2020 08:01:26
HR/EN/0977,11/30/2020 08:00:34
HR/EN/0977,11/30/2020 08:00:32
HR/EN/0977,11/30/2020 08:00:30
HR/EN/1480,11/30/2020 08:00:23
HR/EN/1014,11/30/2020 08:00:20
HR/EN/1014,11/30/2020 08:00:17
HR/EN/1480,11/30/2020 08:00:17
HR/EN/1014,11/30/2020 08:00:15
HR/EN/0197,11/30/2020 08:00:01
HR/EN/0197,11/30/2020 07:59:59
HR/EN/0977,11/30/2020 07:59:57
HR/EN/0977,11/30/2020 07:59:55
HR/EN/0977,11/30/2020 07:59:53
HR/EN/0197,11/30/2020 07:59:52
HR/EN/0977,11/30/2020 07:59:47
HR/EN/0977,11/30/2020 07:59:45
HR/EN/0977,11/30/2020 07:59:42
HR/EN/0614,11/30/2020 07:59:42
HR/EN/0614,11/30/2020 07:59:40
HR/EN/0977,11/30/2020 07:59:40
HR/EN/1215,11/30/2020 07:59:39
HR/EN/0280,11/30/2020 07:59:30
HR/EN/0280,11/30/2020 07:59:28
HR/EN/1727,11/30/2020 07:59:28
HR/EN/0280,11/30/2020 07:59:26
HR/EN/1731,11/30/2020 07:59:25
HR/EN/1731,11/30/2020 07:59:23
HR/EN/0280,11/30/2020 07:59:23
HR/EN/0323,11/30/2020 07:59:17
HR/EN/0323,11/30/2020 07:59:13
HR/EN/1699,11/30/2020 07:59:12
HR/EN/1699,11/30/2020 07:59:10
HR/EN/1709,11/30/2020 07:59:06
HR/EN/1709,11/30/2020 07:59:04
HR/EN/1727,11/30/2020 07:59:03
HR/EN/0056,11/30/2020 07:59:00
HR/EN/0056,11/30/2020 07:58:57
HR/EN/0056,11/30/2020 07:58:55
HR/EN/1115,11/30/2020 07:58:54
PUC63,11/30/2020 07:58:51
HR/EN/1282,11/30/2020 07:58:49
HR/EN/1122,11/30/2020 07:58:48
HR/EN/1282,11/30/2020 07:58:47
PUC63,11/30/2020 07:58:47
HR/EN/1122,11/30/2020 07:58:46
HR/EN/1682,11/30/2020 07:58:33
HR/EN/1115,11/30/2020 07:58:32
HR/EN/1682,11/30/2020 07:58:30
HR/EN/1115,11/30/2020 07:58:29
HR/EN/1682,11/30/2020 07:58:28
HR/EN/0612,11/30/2020 07:58:27
HR/EN/1601,11/30/2020 07:58:26
HR/EN/0612,11/30/2020 07:58:25
HR/EN/0157,11/30/2020 07:58:24
HR/EN/1601,11/30/2020 07:58:23
HR/EN/1601,11/30/2020 07:58:20
HR/EN/1753,11/30/2020 07:58:16
HR/EN/1753,11/30/2020 07:58:14
HR/EN/0105,11/30/2020 07:58:14
HR/EN/0105,11/30/2020 07:58:10
HR/EN/0105,11/30/2020 07:58:04
HR/EN/1598,11/30/2020 07:58:01
HR/EN/1598,11/30/2020 07:57:57
HR/EN/1058,11/30/2020 07:57:57
HR/EN/1058,11/30/2020 07:57:55
HR/EN/1598,11/30/2020 07:57:55
HR/EN/0105,11/30/2020 07:57:54
HR/EN/1147,11/30/2020 07:57:52
HR/EN/1147,11/30/2020 07:57:46
HR/EN/1293,11/30/2020 07:57:45
HR/EN/1293,11/30/2020 07:57:43
HR/EN/1293,11/30/2020 07:57:41
HR/EN/1634,11/30/2020 07:57:36
HR/EN/0739,11/30/2020 07:57:31
HR/EN/1634,11/30/2020 07:57:30
HR/EN/0739,11/30/2020 07:57:29
HR/EN/0581,11/30/2020 07:57:14
HR/EN/1647,11/30/2020 07:57:13
HR/EN/1647,11/30/2020 07:57:11
HR/EN/1647,11/30/2020 07:57:09
HR/EN/1647,11/30/2020 07:57:07
HR/EN/1510,11/30/2020 07:57:06
HR/EN/0581,11/30/2020 07:57:03
HR/EN/0232,11/30/2020 07:57:03
HR/EN/0232,11/30/2020 07:57:00
HR/EN/0581,11/30/2020 07:56:58
HR/EN/1723,11/30/2020 07:56:47
HR/EN/1696,11/30/2020 07:56:47
HR/EN/1696,11/30/2020 07:56:45
HR/EN/1723,11/30/2020 07:56:45
HR/EN/1723,11/30/2020 07:56:43
PUC69,11/30/2020 07:56:35
PUC69,11/30/2020 07:56:31
HR/EN/1216,11/30/2020 07:56:30
HR/EN/1216,11/30/2020 07:56:27
HR/EN/1720,11/30/2020 07:56:21
HR/EN/1720,11/30/2020 07:56:18
HR/EN/1718,11/30/2020 07:56:17
HR/EN/1718,11/30/2020 07:56:15
HR/EN/1720,11/30/2020 07:56:14
HR/EN/1718,11/30/2020 07:56:12
HR/EN/0002,11/30/2020 07:55:50
HR/EN/1514,11/30/2020 07:55:49
HR/EN/1514,11/30/2020 07:55:47
HR/EN/0002,11/30/2020 07:55:47
HR/EN/0002,11/30/2020 07:55:45
HR/EN/1736,11/30/2020 07:55:42
HR/EN/1703,11/30/2020 07:55:41
HR/EN/1736,11/30/2020 07:55:40
HR/EN/1703,11/30/2020 07:55:39
PUC65,11/30/2020 07:55:39
HR/EN/1736,11/30/2020 07:55:38
HR/EN/1613,11/30/2020 07:55:37
HR/EN/1703,11/30/2020 07:55:36
HR/EN/1703,11/30/2020 07:55:34
HR/EN/1613,11/30/2020 07:55:34
HR/EN/1736,11/30/2020 07:55:33
HR/EN/1613,11/30/2020 07:55:32
PUC65,11/30/2020 07:55:29
HR/EN/0510,11/30/2020 07:55:24
HR/EN/0510,11/30/2020 07:55:15
HR/EN/0510,11/30/2020 07:55:12
HR/EN/0510,11/30/2020 07:55:10
HR/EN/1592,11/30/2020 07:55:08
HR/EN/1592,11/30/2020 07:55:05
HR/EN/1432,11/30/2020 07:54:57
HR/EN/0510,11/30/2020 07:54:52
HR/EN/1432,11/30/2020 07:54:48
HR/EN/1432,11/30/2020 07:54:46
HR/EN/1241,11/30/2020 07:54:44
HR/EN/0616,11/30/2020 07:54:42
HR/EN/0616,11/30/2020 07:54:40
1679,11/30/2020 07:54:36
1679,11/30/2020 07:54:33
1679,11/30/2020 07:54:31
HR/EN/1253,11/30/2020 07:54:31
HR/EN/1509,11/30/2020 07:54:29
HR/EN/1253,11/30/2020 07:54:28
HR/EN/1509,11/30/2020 07:54:26
HR/EN/0616,11/30/2020 07:54:24
HR/EN/1509,11/30/2020 07:54:23